{
    "name": "root",
    "metadata": {
        "timer_format_version": "0.1.0",
        "start_time_seconds": "1776291817",
        "python_version": "3.7.16 (default, Jan 17 2023, 16:06:28) [MSC v.1916 64 bit (AMD64)]",
        "command_line_arguments": "C:\\Users\\Asus\\miniconda3\\envs\\unity\\Scripts\\mlagents-learn config.yaml --run-id=run9",
        "mlagents_version": "0.28.0",
        "mlagents_envs_version": "0.28.0",
        "communication_protocol_version": "1.5.0",
        "pytorch_version": "1.7.1+cu110",
        "numpy_version": "1.21.6",
        "end_time_seconds": "1776291924"
    },
    "total": 107.37468829999999,
    "count": 1,
    "self": 0.01046829999998522,
    "children": {
        "run_training.setup": {
            "total": 0.1222061000000001,
            "count": 1,
            "self": 0.1222061000000001
        },
        "TrainerController.start_learning": {
            "total": 107.2420139,
            "count": 1,
            "self": 0.008744300000032013,
            "children": {
                "TrainerController._reset_env": {
                    "total": 13.8032136,
                    "count": 1,
                    "self": 13.8032136
                },
                "TrainerController.advance": {
                    "total": 93.11433689999998,
                    "count": 301,
                    "self": 0.009813299999990477,
                    "children": {
                        "env_step": {
                            "total": 87.7524119,
                            "count": 301,
                            "self": 86.95757739999998,
                            "children": {
                                "SubprocessEnvManager._take_step": {
                                    "total": 0.7896514999999731,
                                    "count": 301,
                                    "self": 0.026232099999987213,
                                    "children": {
                                        "TorchPolicy.evaluate": {
                                            "total": 0.7634193999999859,
                                            "count": 301,
                                            "self": 0.12266710000006142,
                                            "children": {
                                                "TorchPolicy.sample_actions": {
                                                    "total": 0.6407522999999244,
                                                    "count": 301,
                                                    "self": 0.6407522999999244
                                                }
                                            }
                                        }
                                    }
                                },
                                "workers": {
                                    "total": 0.005183000000045013,
                                    "count": 300,
                                    "self": 0.0,
                                    "children": {
                                        "worker_root": {
                                            "total": 20.37346379999999,
                                            "count": 300,
                                            "is_parallel": true,
                                            "self": 6.72027149999993,
                                            "children": {
                                                "steps_from_proto": {
                                                    "total": 0.007164200000000065,
                                                    "count": 1,
                                                    "is_parallel": true,
                                                    "self": 0.0038092000000009563,
                                                    "children": {
                                                        "_process_rank_one_or_two_observation": {
                                                            "total": 0.0033549999999991087,
                                                            "count": 2,
                                                            "is_parallel": true,
                                                            "self": 0.0033549999999991087
                                                        }
                                                    }
                                                },
                                                "UnityEnvironment.step": {
                                                    "total": 13.64602810000006,
                                                    "count": 300,
                                                    "is_parallel": true,
                                                    "self": 0.050651400000020885,
                                                    "children": {
                                                        "UnityEnvironment._generate_step_input": {
                                                            "total": 0.07036370000004588,
                                                            "count": 300,
                                                            "is_parallel": true,
                                                            "self": 0.07036370000004588
                                                        },
                                                        "communicator.exchange": {
                                                            "total": 13.36807570000003,
                                                            "count": 300,
                                                            "is_parallel": true,
                                                            "self": 13.36807570000003
                                                        },
                                                        "steps_from_proto": {
                                                            "total": 0.15693729999996187,
                                                            "count": 300,
                                                            "is_parallel": true,
                                                            "self": 0.09574169999992144,
                                                            "children": {
                                                                "_process_rank_one_or_two_observation": {
                                                                    "total": 0.06119560000004043,
                                                                    "count": 600,
                                                                    "is_parallel": true,
                                                                    "self": 0.06119560000004043
                                                                }
                                                            }
                                                        }
                                                    }
                                                }
                                            }
                                        }
                                    }
                                }
                            }
                        },
                        "trainer_advance": {
                            "total": 5.352111699999998,
                            "count": 300,
                            "self": 0.012381100000023793,
                            "children": {
                                "process_trajectory": {
                                    "total": 0.621102599999972,
                                    "count": 300,
                                    "self": 0.621102599999972
                                },
                                "_update_policy": {
                                    "total": 4.7186280000000025,