{
    "name": "root",
    "gauges": {
        "AgentBehavior.Policy.Entropy.mean": {
            "value": -1.1920927533992653e-07,
            "min": -1.1920928244535389e-07,
            "max": -1.1920927533992653e-07,
            "count": 5
        },
        "AgentBehavior.Policy.Entropy.sum": {
            "value": -0.0035914178006350994,
            "min": -0.00362145877443254,
            "max": -0.0035563702695071697,
            "count": 5
        },
        "AgentBehavior.Step.mean": {
            "value": 149916.0,
            "min": 29894.0,
            "max": 149916.0,
            "count": 5
        },
        "AgentBehavior.Step.sum": {
            "value": 149916.0,
            "min": 29894.0,
            "max": 149916.0,
            "count": 5
        },
        "AgentBehavior.Policy.ExtrinsicValueEstimate.mean": {
            "value": -40.948326110839844,
            "min": -117.02571868896484,
            "max": 26.873136520385742,
            "count": 5
        },
        "AgentBehavior.Policy.ExtrinsicValueEstimate.sum": {
            "value": -10933.203125,
            "min": -30894.7890625,
            "max": 7013.888671875,
            "count": 5
        },
        "AgentBehavior.Policy.CuriosityValueEstimate.mean": {
            "value": -2.2250282764434814,
            "min": -2.2250282764434814,
            "max": 831.1109619140625,
            "count": 5
        },
        "AgentBehavior.Policy.CuriosityValueEstimate.sum": {
            "value": -594.08251953125,
            "min": -594.08251953125,
            "max": 219413.296875,
            "count": 5
        },
        "AgentBehavior.Environment.EpisodeLength.mean": {
            "value": 470.7647058823529,
            "min": 460.96666666666664,
            "max": 593.75,
            "count": 5
        },
        "AgentBehavior.Environment.EpisodeLength.sum": {
            "value": 32012.0,
            "min": 27452.0,
            "max": 32012.0,
            "count": 5
        },
        "AgentBehavior.Environment.CumulativeReward.mean": {
            "value": -1.2967647219843723,
            "min": -1.4204151256466813,
            "max": -1.2686333532134693,
            "count": 5
        },
        "AgentBehavior.Environment.CumulativeReward.sum": {
            "value": -88.18000109493732,
            "min": -88.18000109493732,
            "max": -71.06800104677677,
            "count": 5
        },
        "AgentBehavior.Policy.ExtrinsicReward.mean": {
            "value": -1.2967647219843723,
            "min": -1.4204151256466813,
            "max": -1.2686333532134693,
            "count": 5
        },
        "AgentBehavior.Policy.ExtrinsicReward.sum": {
            "value": -88.18000109493732,
            "min": -88.18000109493732,
            "max": -71.06800104677677,
            "count": 5
        },
        "AgentBehavior.Policy.CuriosityReward.mean": {
            "value": 0.43572766514262185,
            "min": 0.38307217546805206,
            "max": 86.78190194121562,
            "count": 5
        },
        "AgentBehavior.Policy.CuriosityReward.sum": {
            "value": 29.629481229698285,
            "min": 21.452041826210916,
            "max": 5206.914116472937,
            "count": 5
        },
        "AgentBehavior.Losses.PolicyLoss.mean": {
            "value": 0.07010776281111046,
            "min": 0.06542783384039347,
            "max": 0.07010776281111046,
            "count": 5
        },
        "AgentBehavior.Losses.PolicyLoss.sum": {
            "value": 1.051616442166657,
            "min": 0.9159896737655085,
            "max": 1.051616442166657,
            "count": 5
        },
        "AgentBehavior.Losses.ValueLoss.mean": {
            "value": 624.7083270507554,
            "min": 343.8873826960723,
            "max": 6922.695040112116,
            "count": 5
        },
        "AgentBehavior.Losses.ValueLoss.sum": {
            "value": 9370.624905761331,
            "min": 4814.423357745012,
            "max": 96917.73056156962,
            "count": 5
        },
        "AgentBehavior.Policy.LearningRate.mean": {
            "value": 0.00029595628134790667,
            "min": 0.00029595628134790667,
            "max": 0.0002995246373013114,
            "count": 5
        },
        "AgentBehavior.Policy.LearningRate.sum": {
            "value": 0.0044393442202186,
            "min": 0.0041561985146005,
            "max": 0.0044393442202186,
            "count": 5
        },
        "AgentBehavior.Policy.Epsilon.mean": {
            "value": 0.19865209333333336,
            "min": 0.19865209333333336,
            "max": 0.19984154571428575,
            "count": 5
        },
        "AgentBehavior.Policy.Epsilon.sum": {
            "value": 2.9797814000000002,
            "min": 2.7853995000000005,
            "max": 2.9797814000000002,
            "count": 5
        },
        "AgentBehavior.Policy.Beta.mean": {
            "value": 0.009865344124,
            "min": 0.009865344124,
            "max": 0.009984170416857143,
            "count": 5
        },
        "AgentBehavior.Policy.Beta.sum": {
            "value": 0.14798016186,
            "min": 0.13854141004999998,
            "max": 0.14798016186,
            "count": 5
        },
        "AgentBehavior.Losses.CuriosityForwardLoss.mean": {
            "value": 0.04283177073424061,
            "min": 0.03996368180516929,
            "max": 2668195.3172893105,
            "count": 5
        },
        "AgentBehavior.Losses.CuriosityForwardLoss.sum": {
            "value": 0.6424765610136092,
            "min": 0.5594915452723701,
            "max": 37354734.442050345,
            "count": 5
        },
        "AgentBehavior.Losses.CuriosityInverseLoss.mean": {
            "value": 23.025850296020508,
            "min": 23.025850296020508,
            "max": 23.025850296020508,
            "count": 5
        },
        "AgentBehavior.Losses.CuriosityInverseLoss.sum": {
            "value": 345.3877544403076,
            "min": 322.3619041442871,
            "max": 345.3877544403076,
            "count": 5
        },
        "AgentBehavior.IsTraining.mean": {
            "value": 1.0,
            "min": 1.0,
            "max": 1.0,
            "count": 5
        },
        "AgentBehavior.IsTraining.sum": {
            "value": 1.0,
            "min": 1.0,
            "max": 1.0,
            "count": 5
        }
    },
    "metadata": {
        "timer_format_version": "0.1.0",
        "start_time_seconds": "1776294946",
        "python_version": "3.7.16 (default, Jan 17 2023, 16:06:28) [MSC v.1916 64 bit (AMD64)]",
        "command_line_arguments": "C:\\Users\\Asus\\miniconda3\\envs\\unity\\Scripts\\mlagents-learn config.yaml --run-id=run16",
        "mlagents_version": "0.28.0",
        "mlagents_envs_version": "0.28.0",
        "communication_protocol_version": "1.5.0",
        "pytorch_version": "1.7.1+cu110",
        "numpy_version": "1.21.6",
        "end_time_seconds": "1776295806"
    },
    "total": 859.5000767,
    "count": 1,
    "self": 0.012751700000080746,
    "children": {
        "run_training.setup": {
            "total": 0.23795300000000008,
            "count": 1,
            "self": 0.23795300000000008
        },
        "TrainerController.start_learning": {
            "total": 859.249372,
            "count": 1,
            "self": 0.8039343000003782,
            "children": {
                "TrainerController._reset_env": {
                    "total": 19.2469146,
                    "count": 1,
                    "self": 19.2469146
                },
                "TrainerController.advance": {
                    "total": 838.8984953999997,
                    "count": 19167,
                    "self": 0.8600681999994322,
                    "children": {
                        "env_step": {
                            "total": 318.152552400001,
                            "count": 19167,
                            "self": 248.6197412999993,