{
    "name": "root",
    "metadata": {
        "timer_format_version": "0.1.0",
        "start_time_seconds": "1776293712",
        "python_version": "3.7.16 (default, Jan 17 2023, 16:06:28) [MSC v.1916 64 bit (AMD64)]",
        "command_line_arguments": "C:\\Users\\Asus\\miniconda3\\envs\\unity\\Scripts\\mlagents-learn config.yaml --run-id=run14",
        "mlagents_version": "0.28.0",
        "mlagents_envs_version": "0.28.0",
        "communication_protocol_version": "1.5.0",
        "pytorch_version": "1.7.1+cu110",
        "numpy_version": "1.21.6",
        "end_time_seconds": "1776293837"
    },
    "total": 125.299441,
    "count": 1,
    "self": 0.011529399999986367,
    "children": {
        "run_training.setup": {
            "total": 0.19801709999999995,
            "count": 1,
            "self": 0.19801709999999995
        },
        "TrainerController.start_learning": {
            "total": 125.08989450000001,
            "count": 1,
            "self": 0.3609285999992409,
            "children": {
                "TrainerController._reset_env": {
                    "total": 15.1048167,
                    "count": 1,
                    "self": 15.1048167
                },
                "TrainerController.advance": {
                    "total": 109.38656770000077,
                    "count": 10301,
                    "self": 0.3716365999998743,
                    "children": {
                        "env_step": {
                            "total": 93.20052880000038,
                            "count": 10301,
                            "self": 72.34988810000061,
                            "children": {
                                "SubprocessEnvManager._take_step": {
                                    "total": 20.626106099999703,
                                    "count": 10301,
                                    "self": 1.0114139000000435,
                                    "children": {
                                        "TorchPolicy.evaluate": {
                                            "total": 19.61469219999966,
                                            "count": 10290,
                                            "self": 4.947355299999778,
                                            "children": {
                                                "TorchPolicy.sample_actions": {
                                                    "total": 14.667336899999881,
                                                    "count": 10290,
                                                    "self": 14.667336899999881
                                                }
                                            }
                                        }
                                    }
                                },
                                "workers": {
                                    "total": 0.22453460000006586,
                                    "count": 10300,
                                    "self": 0.0,
                                    "children": {
                                        "worker_root": {
                                            "total": 109.25050320000038,
                                            "count": 10300,
                                            "is_parallel": true,
                                            "self": 58.52628120000028,
                                            "children": {
                                                "steps_from_proto": {
                                                    "total": 0.005964099999999917,
                                                    "count": 1,
                                                    "is_parallel": true,
                                                    "self": 0.003441999999999723,
                                                    "children": {
                                                        "_process_rank_one_or_two_observation": {
                                                            "total": 0.0025221000000001936,
                                                            "count": 2,
                                                            "is_parallel": true,
                                                            "self": 0.0025221000000001936
                                                        }
                                                    }
                                                },
                                                "UnityEnvironment.step": {
                                                    "total": 50.718257900000104,
                                                    "count": 10300,
                                                    "is_parallel": true,
                                                    "self": 1.506928999999758,
                                                    "children": {
                                                        "UnityEnvironment._generate_step_input": {
                                                            "total": 1.31087039999953,
                                                            "count": 10300,
                                                            "is_parallel": true,
                                                            "self": 1.31087039999953
                                                        },
                                                        "communicator.exchange": {
                                                            "total": 42.99093770000064,
                                                            "count": 10300,
                                                            "is_parallel": true,
                                                            "self": 42.99093770000064
                                                        },
                                                        "steps_from_proto": {
                                                            "total": 4.909520800000173,
                                                            "count": 10300,
                                                            "is_parallel": true,
                                                            "self": 3.2107417000011136,
                                                            "children": {
                                                                "_process_rank_one_or_two_observation": {
                                                                    "total": 1.6987790999990597,
                                                                    "count": 20600,
                                                                    "is_parallel": true,
                                                                    "self": 1.6987790999990597
                                                                }
                                                            }
                                                        }
                                                    }
                                                }
                                            }
                                        }
                                    }
                                }
                            }
                        },
                        "trainer_advance": {
                            "total": 15.81440230000051,
                            "count": 10300,
                            "self": 0.4399714000003705,
                            "children": {
                                "process_trajectory": {
                                    "total": 1.8255807000001418,
                                    "count": 10300,
                                    "self": 1.8255807000001418
                                },
                                "_update_policy": {
                                    "total": 13.548850199999997,