{
    "name": "root",
    "metadata": {
        "timer_format_version": "0.1.0",
        "start_time_seconds": "1776292613",
        "python_version": "3.7.16 (default, Jan 17 2023, 16:06:28) [MSC v.1916 64 bit (AMD64)]",
        "command_line_arguments": "C:\\Users\\Asus\\miniconda3\\envs\\unity\\Scripts\\mlagents-learn config.yaml --run-id=run12",
        "mlagents_version": "0.28.0",
        "mlagents_envs_version": "0.28.0",
        "communication_protocol_version": "1.5.0",
        "pytorch_version": "1.7.1+cu110",
        "numpy_version": "1.21.6",
        "end_time_seconds": "1776292714"
    },
    "total": 101.3021622,
    "count": 1,
    "self": 0.039031499999993,
    "children": {
        "run_training.setup": {
            "total": 0.1494458999999999,
            "count": 1,
            "self": 0.1494458999999999
        },
        "TrainerController.start_learning": {
            "total": 101.1136848,
            "count": 1,
            "self": 0.0021243999999853713,
            "children": {
                "TrainerController._reset_env": {
                    "total": 28.0057778,
                    "count": 1,
                    "self": 28.0057778
                },
                "TrainerController.advance": {
                    "total": 72.7513021,
                    "count": 34,
                    "self": 0.002051699999981338,
                    "children": {
                        "env_step": {
                            "total": 72.74708090000001,
                            "count": 34,
                            "self": 72.51593670000001,
                            "children": {
                                "SubprocessEnvManager._take_step": {
                                    "total": 0.2301923000000201,
                                    "count": 34,
                                    "self": 0.006110100000000784,
                                    "children": {
                                        "TorchPolicy.evaluate": {
                                            "total": 0.22408220000001933,
                                            "count": 34,
                                            "self": 0.03046719999998615,
                                            "children": {
                                                "TorchPolicy.sample_actions": {
                                                    "total": 0.19361500000003318,
                                                    "count": 34,
                                                    "self": 0.19361500000003318
                                                }
                                            }
                                        }
                                    }
                                },
                                "workers": {
                                    "total": 0.0009518999999862388,
                                    "count": 33,
                                    "self": 0.0,
                                    "children": {
                                        "worker_root": {
                                            "total": 12.366837899999993,
                                            "count": 33,
                                            "is_parallel": true,
                                            "self": 7.583411899999987,
                                            "children": {
                                                "steps_from_proto": {
                                                    "total": 0.004785500000000553,
                                                    "count": 1,
                                                    "is_parallel": true,
                                                    "self": 0.00248950000000292,
                                                    "children": {
                                                        "_process_rank_one_or_two_observation": {
                                                            "total": 0.0022959999999976333,
                                                            "count": 2,
                                                            "is_parallel": true,
                                                            "self": 0.0022959999999976333
                                                        }
                                                    }
                                                },
                                                "UnityEnvironment.step": {
                                                    "total": 4.778640500000005,
                                                    "count": 33,
                                                    "is_parallel": true,
                                                    "self": 0.010257800000012196,
                                                    "children": {
                                                        "UnityEnvironment._generate_step_input": {
                                                            "total": 0.01473169999999513,
                                                            "count": 33,
                                                            "is_parallel": true,
                                                            "self": 0.01473169999999513
                                                        },
                                                        "communicator.exchange": {
                                                            "total": 4.722480499999985,
                                                            "count": 33,
                                                            "is_parallel": true,
                                                            "self": 4.722480499999985
                                                        },
                                                        "steps_from_proto": {
                                                            "total": 0.031170500000012424,
                                                            "count": 33,
                                                            "is_parallel": true,
                                                            "self": 0.01924749999999875,
                                                            "children": {
                                                                "_process_rank_one_or_two_observation": {
                                                                    "total": 0.011923000000013673,
                                                                    "count": 66,
                                                                    "is_parallel": true,
                                                                    "self": 0.011923000000013673
                                                                }
                                                            }
                                                        }
                                                    }
                                                }
                                            }
                                        }
                                    }
                                }
                            }
                        },
                        "trainer_advance": {
                            "total": 0.0021695000000114817,
                            "count": 33,
                            "self": 0.0015360000000050889,
                            "children": {
                                "process_trajectory": {
                                    "total": 0.0006335000000063928,
                                    "count": 33,
                                    "self": 0.0006335000000063928
                                }
                            }
                        }
                    }
                },