{
    "name": "root",
    "metadata": {
        "timer_format_version": "0.1.0",
        "start_time_seconds": "1776292926",
        "python_version": "3.7.16 (default, Jan 17 2023, 16:06:28) [MSC v.1916 64 bit (AMD64)]",
        "command_line_arguments": "C:\\Users\\Asus\\miniconda3\\envs\\unity\\Scripts\\mlagents-learn config.yaml --run-id=run13",
        "mlagents_version": "0.28.0",
        "mlagents_envs_version": "0.28.0",
        "communication_protocol_version": "1.5.0",
        "pytorch_version": "1.7.1+cu110",
        "numpy_version": "1.21.6",
        "end_time_seconds": "1776293033"
    },
    "total": 106.51036819999999,
    "count": 1,
    "self": 0.012362599999988788,
    "children": {
        "run_training.setup": {
            "total": 0.26881869999999974,
            "count": 1,
            "self": 0.26881869999999974
        },
        "TrainerController.start_learning": {
            "total": 106.2291869,
            "count": 1,
            "self": 0.0029382000000168773,
            "children": {
                "TrainerController._reset_env": {
                    "total": 17.5760483,
                    "count": 1,
                    "self": 17.5760483
                },
                "TrainerController.advance": {
                    "total": 88.339895,
                    "count": 51,
                    "self": 0.0029564000000021906,
                    "children": {
                        "env_step": {
                            "total": 88.3339382,
                            "count": 51,
                            "self": 88.05009149999998,
                            "children": {
                                "SubprocessEnvManager._take_step": {
                                    "total": 0.28214660000000436,
                                    "count": 51,
                                    "self": 0.009062499999991758,
                                    "children": {
                                        "TorchPolicy.evaluate": {
                                            "total": 0.2730841000000126,
                                            "count": 51,
                                            "self": 0.042136600000002744,
                                            "children": {
                                                "TorchPolicy.sample_actions": {
                                                    "total": 0.23094750000000985,
                                                    "count": 51,
                                                    "self": 0.23094750000000985
                                                }
                                            }
                                        }
                                    }
                                },
                                "workers": {
                                    "total": 0.0017001000000220756,
                                    "count": 50,
                                    "self": 0.0,
                                    "children": {
                                        "worker_root": {
                                            "total": 9.723523400000008,
                                            "count": 50,
                                            "is_parallel": true,
                                            "self": 6.481474100000012,
                                            "children": {
                                                "steps_from_proto": {
                                                    "total": 0.003608999999999085,
                                                    "count": 1,
                                                    "is_parallel": true,
                                                    "self": 0.002027200000000562,
                                                    "children": {
                                                        "_process_rank_one_or_two_observation": {
                                                            "total": 0.0015817999999985233,
                                                            "count": 2,
                                                            "is_parallel": true,
                                                            "self": 0.0015817999999985233
                                                        }
                                                    }
                                                },
                                                "UnityEnvironment.step": {
                                                    "total": 3.238440299999997,
                                                    "count": 50,
                                                    "is_parallel": true,
                                                    "self": 0.013626499999993769,
                                                    "children": {
                                                        "UnityEnvironment._generate_step_input": {
                                                            "total": 0.02012600000000475,
                                                            "count": 50,
                                                            "is_parallel": true,
                                                            "self": 0.02012600000000475
                                                        },
                                                        "communicator.exchange": {
                                                            "total": 3.164311099999999,
                                                            "count": 50,
                                                            "is_parallel": true,
                                                            "self": 3.164311099999999
                                                        },
                                                        "steps_from_proto": {
                                                            "total": 0.04037669999999949,
                                                            "count": 50,
                                                            "is_parallel": true,
                                                            "self": 0.02502649999999562,
                                                            "children": {
                                                                "_process_rank_one_or_two_observation": {
                                                                    "total": 0.015350200000003866,
                                                                    "count": 100,
                                                                    "is_parallel": true,
                                                                    "self": 0.015350200000003866
                                                                }
                                                            }
                                                        }
                                                    }
                                                }
                                            }
                                        }
                                    }
                                }
                            }
                        },
                        "trainer_advance": {
                            "total": 0.0030003999999976827,
                            "count": 50,
                            "self": 0.0021006999999997333,
                            "children": {
                                "process_trajectory": {
                                    "total": 0.0008996999999979494,
                                    "count": 50,
                                    "self": 0.0008996999999979494
                                }
                            }
                        }
                    }
                },