{
    "name": "root",
    "metadata": {
        "timer_format_version": "0.1.0",
        "start_time_seconds": "1776292185",
        "python_version": "3.7.16 (default, Jan 17 2023, 16:06:28) [MSC v.1916 64 bit (AMD64)]",
        "command_line_arguments": "C:\\Users\\Asus\\miniconda3\\envs\\unity\\Scripts\\mlagents-learn config.yaml --run-id=run10",
        "mlagents_version": "0.28.0",
        "mlagents_envs_version": "0.28.0",
        "communication_protocol_version": "1.5.0",
        "pytorch_version": "1.7.1+cu110",
        "numpy_version": "1.21.6",
        "end_time_seconds": "1776292293"
    },
    "total": 107.5992274,
    "count": 1,
    "self": 0.007617500000009159,
    "children": {
        "run_training.setup": {
            "total": 0.12832,
            "count": 1,
            "self": 0.12832
        },
        "TrainerController.start_learning": {
            "total": 107.46328989999999,
            "count": 1,
            "self": 0.01068649999992033,
            "children": {
                "TrainerController._reset_env": {
                    "total": 6.8306493999999995,
                    "count": 1,
                    "self": 6.8306493999999995
                },
                "TrainerController.advance": {
                    "total": 100.41177110000008,
                    "count": 351,
                    "self": 0.011052899999981491,
                    "children": {
                        "env_step": {
                            "total": 96.48480960000005,
                            "count": 351,
                            "self": 95.62692210000019,
                            "children": {
                                "SubprocessEnvManager._take_step": {
                                    "total": 0.8518196999999539,
                                    "count": 351,
                                    "self": 0.03213899999995107,
                                    "children": {
                                        "TorchPolicy.evaluate": {
                                            "total": 0.8196807000000028,
                                            "count": 351,
                                            "self": 0.13891510000000196,
                                            "children": {
                                                "TorchPolicy.sample_actions": {
                                                    "total": 0.6807656000000009,
                                                    "count": 351,
                                                    "self": 0.6807656000000009
                                                }
                                            }
                                        }
                                    }
                                },
                                "workers": {
                                    "total": 0.00606779999990259,
                                    "count": 350,
                                    "self": 0.0,
                                    "children": {
                                        "worker_root": {
                                            "total": 77.24855450000003,
                                            "count": 350,
                                            "is_parallel": true,
                                            "self": 5.39730189999996,
                                            "children": {
                                                "steps_from_proto": {
                                                    "total": 0.0007918999999994014,
                                                    "count": 1,
                                                    "is_parallel": true,
                                                    "self": 0.0005112999999994372,
                                                    "children": {
                                                        "_process_rank_one_or_two_observation": {
                                                            "total": 0.0002805999999999642,
                                                            "count": 2,
                                                            "is_parallel": true,
                                                            "self": 0.0002805999999999642
                                                        }
                                                    }
                                                },
                                                "UnityEnvironment.step": {
                                                    "total": 71.85046070000007,
                                                    "count": 350,
                                                    "is_parallel": true,
                                                    "self": 0.059324899999950276,
                                                    "children": {
                                                        "UnityEnvironment._generate_step_input": {
                                                            "total": 0.08457530000000713,
                                                            "count": 350,
                                                            "is_parallel": true,
                                                            "self": 0.08457530000000713
                                                        },
                                                        "communicator.exchange": {
                                                            "total": 71.52960310000012,
                                                            "count": 350,
                                                            "is_parallel": true,
                                                            "self": 71.52960310000012
                                                        },
                                                        "steps_from_proto": {
                                                            "total": 0.1769573999999956,
                                                            "count": 350,
                                                            "is_parallel": true,
                                                            "self": 0.1073618999999395,
                                                            "children": {
                                                                "_process_rank_one_or_two_observation": {
                                                                    "total": 0.0695955000000561,
                                                                    "count": 700,
                                                                    "is_parallel": true,
                                                                    "self": 0.0695955000000561
                                                                }
                                                            }
                                                        }
                                                    }
                                                }
                                            }
                                        }
                                    }
                                }
                            }
                        },
                        "trainer_advance": {
                            "total": 3.9159086000000496,
                            "count": 350,
                            "self": 0.01326690000015951,
                            "children": {
                                "process_trajectory": {
                                    "total": 0.5611048999998829,
                                    "count": 350,
                                    "self": 0.5611048999998829
                                },
                                "_update_policy": {
                                    "total": 3.341536800000007,