{
    "name": "root",
    "metadata": {
        "timer_format_version": "0.1.0",
        "start_time_seconds": "1776292302",
        "python_version": "3.7.16 (default, Jan 17 2023, 16:06:28) [MSC v.1916 64 bit (AMD64)]",
        "command_line_arguments": "C:\\Users\\Asus\\miniconda3\\envs\\unity\\Scripts\\mlagents-learn config.yaml --run-id=run11",
        "mlagents_version": "0.28.0",
        "mlagents_envs_version": "0.28.0",
        "communication_protocol_version": "1.5.0",
        "pytorch_version": "1.7.1+cu110",
        "numpy_version": "1.21.6",
        "end_time_seconds": "1776292355"
    },
    "total": 53.116905700000004,
    "count": 1,
    "self": 0.013896300000006079,
    "children": {
        "run_training.setup": {
            "total": 0.12827969999999977,
            "count": 1,
            "self": 0.12827969999999977
        },
        "TrainerController.start_learning": {
            "total": 52.9747297,
            "count": 1,
            "self": 0.0045133000000205925,
            "children": {
                "TrainerController._reset_env": {
                    "total": 6.608528399999999,
                    "count": 1,
                    "self": 6.608528399999999
                },
                "TrainerController.advance": {
                    "total": 45.938327999999984,
                    "count": 84,
                    "self": 0.004338599999982762,
                    "children": {
                        "env_step": {
                            "total": 45.854499499999996,
                            "count": 84,
                            "self": 45.48949889999999,
                            "children": {
                                "SubprocessEnvManager._take_step": {
                                    "total": 0.3628323999999985,
                                    "count": 84,
                                    "self": 0.012379499999985555,
                                    "children": {
                                        "TorchPolicy.evaluate": {
                                            "total": 0.35045290000001295,
                                            "count": 84,
                                            "self": 0.05340100000001158,
                                            "children": {
                                                "TorchPolicy.sample_actions": {
                                                    "total": 0.29705190000000137,
                                                    "count": 84,
                                                    "self": 0.29705190000000137
                                                }
                                            }
                                        }
                                    }
                                },
                                "workers": {
                                    "total": 0.002168200000012277,
                                    "count": 83,
                                    "self": 0.0,
                                    "children": {
                                        "worker_root": {
                                            "total": 5.188813900000002,
                                            "count": 83,
                                            "is_parallel": true,
                                            "self": 0.6869357999999854,
                                            "children": {
                                                "steps_from_proto": {
                                                    "total": 0.0012582999999999345,
                                                    "count": 1,
                                                    "is_parallel": true,
                                                    "self": 0.0010558999999998875,
                                                    "children": {
                                                        "_process_rank_one_or_two_observation": {
                                                            "total": 0.000202400000000047,
                                                            "count": 2,
                                                            "is_parallel": true,
                                                            "self": 0.000202400000000047
                                                        }
                                                    }
                                                },
                                                "UnityEnvironment.step": {
                                                    "total": 4.500619800000017,
                                                    "count": 83,
                                                    "is_parallel": true,
                                                    "self": 0.01759110000002284,
                                                    "children": {
                                                        "UnityEnvironment._generate_step_input": {
                                                            "total": 0.02606380000001085,
                                                            "count": 83,
                                                            "is_parallel": true,
                                                            "self": 0.02606380000001085
                                                        },
                                                        "communicator.exchange": {
                                                            "total": 4.402896899999992,
                                                            "count": 83,
                                                            "is_parallel": true,
                                                            "self": 4.402896899999992
                                                        },
                                                        "steps_from_proto": {
                                                            "total": 0.05406799999999112,
                                                            "count": 83,
                                                            "is_parallel": true,
                                                            "self": 0.03270329999999433,
                                                            "children": {
                                                                "_process_rank_one_or_two_observation": {
                                                                    "total": 0.021364699999996795,
                                                                    "count": 166,
                                                                    "is_parallel": true,
                                                                    "self": 0.021364699999996795
                                                                }
                                                            }
                                                        }
                                                    }
                                                }
                                            }
                                        }
                                    }
                                }
                            }
                        },
                        "trainer_advance": {
                            "total": 0.079489900000004,
                            "count": 83,
                            "self": 0.003705599999996423,
                            "children": {
                                "process_trajectory": {
                                    "total": 0.07578430000000758,
                                    "count": 83,
                                    "self": 0.07578430000000758
                                }
                            }
                        }
                    }
                },